{"type": "block", "layer": 0, "block": 3, "features": [{"geom": {"lines": [[-1484.547191305086, 1577.413580769673, 346.5160827636719, -1531.702127603814, 1560.5967649323866, 350.53729248046875, -1536.6113171484321, 1537.694973891601, 351.672119140625, -1563.3836546838284, 1528.8071789219975, 354.0389709472656, -1596.5568629391491, 1515.3464294094592, 357.1171875, -1611.340091317892, 1510.5521953264251, 358.464111328125, -1633.2366351559758, 1489.6604318786412, 361.0466003417969, -1661.801216494292, 1473.3047822397202, 363.44586181640625, -1693.5495352689177, 1437.4773599021137, 366.5384521484375, -1707.9097495805472, 1420.0892245927826, 367.94012451171875, -1713.1306336987764, 1406.591779760085, 368.71221923828125, -1733.836058985442, 1387.1016571130604, 370.457763671875]]}, "mtl": {"idx": 0}}, {"geom": {"lines": [[-1894.013674288988, 1720.6345402169973, 369.78607177734375, -1946.9126963149756, 1677.7804656000808, 375.65997314453125, -1951.2430245056748, 1671.8244312284514, 376.15771484375, -1952.144712381065, 1659.6542199878022, 376.4554443359375, -1938.3633594214916, 1607.3962809136137, 376.27447509765625]]}, "mtl": {"idx": 0}}, {"geom": {"lines": [[-2548.2160577829927, 689.3238520734012, 460.4001159667969, -2542.8281944282353, 735.4176442530006, 458.75750732421875, -2552.3794067371637, 887.1049703536555, 456.896484375, -2549.99716963619, 1045.3407605057582, 453.7662658691406, -2581.645300867036, 1084.1718812352046, 456.9830322265625, -2565.515106651932, 1293.1735766548663, 452.5285339355469, -2504.0110879894346, 1631.7550025610253, 447.6358642578125, -2533.8669754192233, 1693.85993657168, 452.8291015625, -2545.811556780711, 1843.149778756313, 461.3077087402344, -2534.7463993970305, 1882.593298893422, 461.86700439453125]]}, "mtl": {"idx": 0}}, {"geom": {"lines": [[-2451.924698246643, 648.6877851327881, 448.4807434082031, -2449.07491928339, 843.4994094837457, 444.5650939941406, -2456.8338877893984, 937.864723842591, 443.8279724121094, -2444.299313126132, 1037.578246629797, 440.07586669921875, -2442.2065066993237, 1115.6646854532883, 437.9059753417969, -2450.2660378348082, 1204.188155638054, 436.9290466308594, -2446.091556929052, 1311.077725221403, 433.7625732421875, -2436.529212668538, 1420.3658118164167, 432.72503662109375, -2415.333981623873, 1549.053663989529, 433.2296142578125, -2417.7273506745696, 1590.5609625102952, 434.7781677246094, -2422.502956829965, 1623.549368891865, 436.3865661621094, -2415.333981623873, 1727.4572841217741, 438.4573059082031]]}, "mtl": {"idx": 0}}, {"geom": {"lines": [[-2415.333981623873, 1727.4572841217741, 438.4573059082031, -2359.1955624166876, 1747.7595916166902, 431.9404296875, -2323.9629435800016, 1733.1367618655786, 426.6281433105469]]}, "mtl": {"idx": 0}}, {"geom": {"lines": [[-2337.710900692269, 1115.7568776840344, 423.5233459472656, -2442.2065066993237, 1115.6646854532883, 437.9059753417969]]}, "mtl": {"idx": 0}}, {"geom": {"lines": [[-2323.9629435800016, 1733.1367618655786, 426.6281433105469, -2314.4117312692106, 1711.0273890690878, 424.30047607421875, -2334.1152811404318, 1407.0711968084797, 416.5170593261719, -2342.4753748998046, 1375.4297331683338, 416.6195068359375, -2337.10977544263, 1273.904996025376, 418.10699462890625, -2339.4920125454664, 1152.099138205871, 422.5505676269531, -2337.710900692269, 1115.7568776840344, 423.5233459472656, -2332.3230373393744, 1006.3807608745992, 426.51708984375]]}, "mtl": {"idx": 0}}, {"geom": {"lines": [[-2243.946493597701, 934.7302582524717, 416.799560546875, -2279.7802376840264, 942.4926723465323, 421.29229736328125, -2310.8272436652333, 933.5317864380777, 425.4393310546875, -2346.0598625019193, 903.0722246011719, 430.43341064453125, -2366.9656628742814, 876.2081673303619, 433.5201110839844, -2369.347899975255, 846.3388341218233, 434.3123474121094, -2357.4033186137676, 808.7257583290339, 433.3898010253906, -2356.8133253138512, 760.3452776977792, 434.0923156738281, -2358.6055691149086, 703.0228993762285, 435.24981689453125, -2355.0210815109313, 611.2231367565691, 436.2532043457031]]}, "mtl": {"idx": 0}}, {"geom": {"lines": [[-2233.693968495354, 577.5014157658443, 421.7871398925781, -2242.154249796644, 629.5682551600039, 421.65606689453125, -2239.1708874423057, 875.5997168384492, 417.1717529296875, -2243.946493597701, 934.7302582524717, 416.799560546875, -2239.772012691945, 1010.5662321010605, 414.5485534667969, -2240.9631312452257, 1052.9557754993439, 413.4467468261719, -2238.569762190804, 1106.7036055931821, 411.5611572265625, -2239.772012691945, 1197.476489755325, 409.0290832519531, -2238.569762190804, 1299.5903008859605, 405.87567138671875, -2224.24294372648, 1619.6770503092557, 407.72991943359375, -2222.4506999254227, 1753.4390837736428, 409.7567443847656, -2201.544899554923, 1826.8856068802997, 404.5823974609375, -2206.0310750342906, 1849.2719019046053, 404.9088134765625]]}, "mtl": {"idx": 0}}, {"geom": {"lines": [[-2029.2668556012213, 1729.6885070391, 382.70556640625, -1974.6312495227903, 1751.3369336081669, 376.89361572265625, -1888.5478872898966, 1795.814123279415, 366.5064392089844]]}, "mtl": {"idx": 0}}, {"geom": {"lines": [[-1604.5384704302996, 1296.8797874357551, 365.2712707519531, -1518.4105804041028, 1227.1627468476072, 360.0171813964844]]}, "mtl": {"idx": 0}}], "featureCount": 11, "startIndex": 150}